Val1,Val2
1,1
2,1
3,1
4,1
5,1
6,1
7,1
8,1
9,1
10,1
11,1
12,1
13,1
14,1
15,1
16,1
17,1
18,1
19,1
20,1
21,1
22,1
23,1
24,1
25,1
26,1
27,1
28,1
29,1
30,1
31,1
32,1
33,1
34,1
35,1
36,1
37,1
38,1
39,1
40,1
41,1
42,1
43,1
44,1
45,1
46,1
47,1
48,1
49,1
50,1
51,1
52,1
53,1
54,1
55,1
56,1
57,1
58,1
59,2
60,2
61,2
62,2
63,2
64,2
65,2
66,2
67,2
68,2
69,2
70,2
71,2
72,2
73,2
74,2
75,2
76,2
77,2
78,2
79,2
80,2
81,2
82,2
83,2
84,2
85,2
86,2
87,2
88,2
89,2
90,2
91,2
92,2
93,2
94,2
95,2
96,2
97,2
98,2
99,2
100,2
101,2
102,2
103,2
104,2
105,2
106,2
107,2
108,2
109,2
110,2
111,2
112,2
113,2
114,2
115,2
116,2
117,2
118,2
119,3
120,3
121,3
122,3
123,3
124,3
125,3
126,3
127,3
128,3
129,3
130,3
131,3
132,3
133,3
134,3
135,3
136,3
137,3
138,3
139,3
140,3
141,3
142,3
143,3
144,3
145,3
146,3
147,3
148,3
149,3
150,3
151,3
152,3
153,3
154,3
155,3
156,3
157,3
158,3
159,3
160,3
161,3
162,3
163,3
164,3
165,3
166,3
167,4
168,4
169,4
170,4
171,4
172,4
173,4
174,4
175,4
176,4
177,4
178,4
179,4
180,4
181,4
182,4
183,4
184,4
185,4
186,4
187,4
188,4
189,4
190,4
191,4
192,4
193,4
194,4
195,4
196,4
197,4
198,4
199,4
200,4
201,4
202,4
203,4
204,4
205,4
206,4
207,4
208,4
209,4
210,4
211,4
212,4
213,4
214,4
215,4
216,4
217,4
218,4
219,4
220,4
221,4
222,4
223,4
224,4
225,4
226,5
227,5
228,5
229,5
230,5
231,5
232,5
233,5
234,5
235,5
236,5
237,5
238,5
239,5
240,5
241,5
242,5
243,5
244,5
245,5
246,5
247,5
248,5
249,5
250,5
251,5
252,5
253,5
254,5
255,5
256,5
257,5
258,5
259,5
260,5
261,5
262,5
263,5
264,5
265,5
266,5
267,5
268,5
269,5
270,5
271,5
272,5
273,5
274,5
275,5
276,5
277,5
278,5
279,5
280,5
281,5
282,5
283,5
284,5
285,5
286,6
287,6
288,6
289,6
290,6
291,6
292,6
293,6
294,6
295,6
296,6
297,6
298,6
299,6
300,6
301,6
302,6
303,6
304,6
305,6
306,6
307,6
308,6
309,6
310,6
311,6
312,6
313,6
314,6
315,6
316,6
317,6
318,6
319,6
320,6
321,6
322,6
323,6
324,6
325,6
326,6
327,6
328,6
329,6
330,6
331,6
332,6
333,6
334,6
335,6
336,6
337,6
338,6
339,6
340,6
341,6
342,7
343,7
344,7
345,7
346,7
347,7
348,7
349,7
350,7
351,7
352,7
353,7
354,7
355,7
356,7
357,7
358,7
359,7
360,7
361,7
362,7
363,7
364,7
365,7
366,7
367,7
368,7
369,7
370,7
371,7
372,7
373,7
374,7
375,7
376,7
377,7
378,7
379,7
380,7
381,7
382,7
383,7
384,7
385,7
386,7
387,7
388,7
389,7
390,7
391,7
392,7
393,7
394,7
395,7
396,7
397,7
398,7
399,7
400,7
401,7
402,8
403,8
404,8
405,8
406,8
407,8
408,8
409,8
410,8
411,8
412,8
413,8
414,8
415,8
416,8
417,8
418,8
419,8
420,8
421,8
422,8
423,8
424,8
425,8
426,8
427,8
428,8
429,8
430,8
431,8
432,8
433,8
434,8
435,8
436,8
437,8
438,8
439,8
440,8
441,8
442,8
443,8
444,8
445,8
446,8
447,8
448,8
449,8
450,8
451,8
452,8
453,8
454,8
455,8
456,8
457,8
458,8
459,8
460,8
461,8
462,9
463,9
464,9
465,9
466,9
467,9
468,9
469,9
470,9
471,9
472,9
473,9
474,9
475,9
476,9
477,9
478,9
479,9
480,9
481,9
482,9
483,9
484,9
485,9
486,9
487,9
488,9
489,9
490,9
491,9
492,9
493,9
494,9
495,9
496,9
497,9
498,9
499,9
500,9
501,9
502,9
503,9
504,9
505,9
506,9
507,9
508,9
509,9
510,9
511,9
512,9
513,9
514,9
515,9
516,9
517,9
518,9
519,10
520,10
521,10
522,10
523,10
524,10
525,10
526,10
527,10
528,10
529,10
530,10
531,10
532,10
533,10
534,10
535,10
536,10
537,10
538,10
539,10
540,10
541,10
542,10
543,10
544,10
545,10
546,10
547,10
548,10
549,10
550,10
551,10
552,10
553,10
554,10
555,10
556,10
557,10
558,10
559,10
560,10
561,10
562,10
563,10
564,11
565,11
566,11
567,11
568,11
569,11
570,11
571,11
572,11
573,11
574,11
575,11
576,11
577,11
578,11
579,11
580,11
581,11
582,11
583,11
584,11
585,11
586,11
587,11
588,11
589,11
590,11
591,11
592,11
593,11
594,11
595,11
596,11
597,11
598,11
599,11
600,11
601,11
602,11
603,11
604,11
605,11
606,11
607,11
608,11
609,11
610,11
611,11
612,11
613,11
614,11
615,11
616,11
617,11
618,11
619,11
620,11
621,11
622,11
623,12
624,12
625,12
626,12
627,12
628,12
629,12
630,12
631,12
632,12
633,12
634,12
635,12
636,12
637,12
638,12
639,12
640,12
641,12
642,12
643,12
644,12
645,12
646,12
647,12
648,12
649,12
650,12
651,12
652,12
653,12
654,12
655,12
656,12
657,12
658,12
659,12
660,12
661,12
662,12
663,12
664,12
665,12
666,12
667,12
668,12
669,12
670,12
671,12
672,12
673,12
674,12
675,12
676,12
677,12
678,12
679,12
680,12
681,12
682,12
683,13
684,13
685,13
686,13
687,13
688,13
689,13
690,13
691,13
692,13
693,13
694,13
695,13
696,13
697,13
698,13
699,13
700,13
701,13
702,13
703,13
704,13
705,13
706,13
707,13
708,13
709,13
710,13
711,13
712,13
713,13
714,13
715,13
716,13
717,13
718,13
719,13
720,13
721,13
722,13
723,13
724,13
725,13
726,13
727,13
728,13
729,13
730,13
731,13
732,13
733,13
734,13
735,13
736,13
737,13
738,13
739,14
740,14
741,14
742,14
743,14
744,14
745,14
746,14
747,14
748,14
749,14
750,14
751,14
752,14
753,14
754,14
755,14
756,14
757,14
758,14
759,14
760,14
761,14
762,14
763,14
764,14
765,14
766,14
767,14
768,14
769,14
770,14
771,14
772,14
773,14
774,14
775,14
776,14
777,14
778,14
779,14
780,14
781,14
782,14
783,14
784,14
785,14
786,14
787,14
788,14
789,14
790,14
791,14
792,14
793,14
794,14
795,14
796,14
797,14
798,15
799,15
800,15
801,15
802,15
803,15
804,15
805,15
806,15
807,15
808,15
809,15
810,15
811,15
812,15
813,15
814,15
815,15
816,15
817,15
818,15
819,15
820,15
821,15
822,15
823,15
824,15
825,15
826,15
827,15
828,15
829,15
830,15
831,15
832,15
833,15
834,15
835,15
836,15
837,15
838,15
839,15
840,15
841,15
842,15
843,15
844,15
845,15
846,15
847,15
848,15
849,15
850,15
851,15
852,15
853,15
854,15
855,15
856,15
857,15
858,16
859,16
860,16
861,16
862,16
863,16
864,16
865,16
866,16
867,16
868,16
869,16
870,16
871,16
872,16
873,16
874,16
875,16
876,16
877,16
878,16
879,16
880,16
881,16
882,16
883,16
884,16
885,16
886,16
887,16
888,16
889,16
890,16
891,16
892,16
893,16
894,16
895,16
896,16
897,16
898,16
899,16
900,16
901,16
902,16
903,16
904,16
905,16
906,16
907,16
908,16
909,16
910,16
911,16
912,16
913,16
914,16
915,16
916,16
917,17
918,17
919,17
920,17
921,17
922,17
923,17
924,17
925,17
926,17
927,17
928,17
929,17
930,17
931,17
932,17
933,17
934,17
935,17
936,17
937,17
938,17
939,17
940,17
941,17
942,17
943,17
944,17
945,17
946,17
947,17
948,17
949,17
950,17
951,17
952,17
953,17
954,17
955,17
956,17
957,17
958,17
959,17
960,17
961,17
962,17
963,17
964,17
965,17
966,17
967,17
968,17
969,17
970,17
971,17
972,17
973,17
974,17
975,17
976,17
977,18
978,18
979,18
980,18
981,18
982,18
983,18
984,18
985,18
986,18
987,18
988,18
989,18
990,18
991,18
992,18
993,18
994,18
995,18
996,18
997,18
998,18
999,18
1000,18
1001,18
1002,18
1003,18
1004,18
1005,18
1006,18
1007,18
1008,18
1009,18
1010,18
1011,18
1012,18
1013,18
1014,18
1015,18
1016,18
1017,18
1018,18
1019,18
1020,18
1021,18
1022,18
1023,18
1024,18
1025,18
1026,18
1027,18
1028,18
1029,18
1030,18
1031,18
1032,18
1033,18
1034,18
1035,18
1036,18
1037,19
1038,19
1039,19
1040,19
1041,19
1042,19
1043,19
1044,19
1045,19
1046,19
1047,19
1048,19
1049,19
1050,19
1051,19
1052,19
1053,19
1054,19
1055,19
1056,19
1057,19
1058,19
1059,19
1060,19
1061,19
1062,19
1063,19
1064,19
1065,19
1066,19
1067,19
1068,19
1069,19
1070,19
1071,19
1072,19
1073,19
1074,19
1075,19
1076,19
1077,19
1078,19
1079,19
1080,19
1081,19
1082,19
1083,19
1084,19
1085,19
1086,19
1087,19
1088,19
1089,19
1090,19
1091,19
1092,19
1093,19
1094,19
1095,19
1096,20
1097,20
1098,20
1099,20
1100,20
1101,20
1102,20
1103,20
1104,20
1105,20
1106,20
1107,20
1108,20
1109,20
1110,20
1111,20
1112,20
1113,20
1114,20
1115,20
1116,20
1117,20
1118,20
1119,20
1120,20
1121,20
1122,20
1123,20
1124,20
1125,20
1126,20
1127,20
1128,20
1129,20
1130,20
1131,20
1132,20
1133,20
1134,20
1135,20
1136,20
1137,20
1138,20
1139,20
1140,20
1141,20
1142,20
1143,20
1144,20
1145,20
1146,20
1147,20
1148,20
1149,20
1150,20
1151,20
1152,20
1153,20
1154,20
1155,21
1156,21
1157,21
1158,21
1159,21
1160,21
1161,21
1162,21
1163,21
1164,21
1165,21
1166,21
1167,21
1168,21
1169,21
1170,21
1171,21
1172,21
1173,21
1174,21
1175,21
1176,21
1177,21
1178,21
1179,21
1180,21
1181,21
1182,21
1183,21
1184,21
1185,21
1186,21
1187,21
1188,21
1189,21
1190,21
1191,21
1192,21
1193,21
1194,21
1195,21
1196,21
1197,21
1198,21
1199,21
1200,21
1201,21
1202,21
1203,21
1204,21
1205,21
1206,21
1207,21
1208,21
1209,21
1210,21
1211,21
1212,21
1213,21
1214,21
1215,22
1216,22
1217,22
1218,22
1219,22
1220,22
1221,22
1222,22
1223,22
1224,22
1225,22
1226,22
1227,22
1228,22
1229,22
1230,22
1231,22
1232,22
1233,22
1234,22
1235,22
1236,22
1237,22
1238,22
1239,22
1240,22
1241,22
1242,22
1243,22
1244,22
1245,22
1246,22
1247,22
1248,22
1249,22
1250,22
1251,22
1252,22
1253,22
1254,22
1255,22
1256,22
1257,22
1258,22
1259,22
1260,22
1261,22
1262,22
1263,22
1264,22
1265,22
1266,22
1267,22
1268,22
1269,22
1270,22
1271,22
1272,22
1273,22
1274,22
1275,23
1276,23
1277,23
1278,23
1279,23
1280,23
1281,23
1282,23
1283,23
1284,23
1285,23
1286,23
1287,23
1288,23
1289,23
1290,23
1291,23
1292,23
1293,23
1294,23
1295,23
1296,23
1297,23
1298,23
1299,23
1300,23
1301,23
1302,23
1303,23
1304,23
1305,23
1306,23
1307,23
1308,23
1309,23
1310,23
1311,23
1312,23
1313,23
1314,23
1315,23
1316,23
1317,23
1318,23
1319,23
1320,23
1321,23
1322,23
1323,23
1324,23
1325,23
1326,23
1327,23
1328,23
1329,23
1330,23
1331,23
1332,23
1333,23
1334,23
1335,24
1336,24
1337,24
1338,24
1339,24
1340,24
1341,24
1342,24
1343,24
1344,24
1345,24
1346,24
1347,24
1348,24
1349,24
1350,24
1351,24
1352,24
1353,24
1354,24
1355,24
1356,24
1357,24
1358,24
1359,24
1360,24
1361,24
1362,24
1363,24
1364,24
1365,24
1366,24
1367,24
1368,24
1369,24
1370,24
1371,24
1372,24
1373,24
1374,24
1375,24
1376,24
1377,24
1378,24
1379,24
1380,24
1381,24
1382,24
1383,24
1384,24
1385,24
1386,24
1387,24
1388,24
1389,24
1390,24
1391,24
1392,24
1393,24
1394,24
1395,25
1396,25
1397,25
1398,25
1399,25
1400,25
1401,25
1402,25
1403,25
1404,25
1405,25
1406,25
1407,25
1408,25
1409,25
1410,25
1411,25
1412,25
1413,25
1414,25
1415,25
1416,25
1417,25
1418,25
1419,25
1420,25
1421,25
1422,25
1423,25
1424,25
1425,25
1426,25
1427,25
1428,25
1429,25
1430,25
1431,25
1432,25
1433,25
1434,25
1435,25
1436,25
1437,25
1438,25
1439,25
1440,25
1441,25
1442,25
1443,25
1444,25
1445,25
1446,25
1447,25
1448,25
1449,25
1450,25
1451,25
1452,25
1453,25
1454,25
1455,26
1456,26
1457,26
1458,26
1459,26
1460,26
1461,26
1462,26
1463,26
1464,26
1465,26
1466,26
1467,26
1468,26
1469,26
1470,26
1471,26
1472,26
1473,26
1474,26
1475,26
1476,26
1477,26
1478,26
1479,26
1480,26
1481,26
1482,26
1483,26
1484,26
1485,26
1486,26
1487,26
1488,26
1489,26
1490,26
1491,26
1492,26
1493,26
1494,26
1495,26
1496,26
1497,26
1498,26
1499,26
1500,26
1501,26
1502,26
1503,26
1504,26
1505,26
1506,26
1507,26
1508,26
1509,26
1510,26
1511,26
1512,26
1513,26
1514,26
1515,27
1516,27
1517,27
1518,27
1519,27
1520,27
1521,27
1522,27
1523,27
1524,27
1525,27
1526,27
1527,27
1528,27
1529,27
1530,27
1531,27
1532,27
1533,27
1534,27
1535,27
1536,27
1537,27
1538,27
1539,27
1540,27
1541,27
1542,27
1543,27
1544,27
1545,27
1546,27
1547,27
1548,27
1549,27
1550,27
1551,27
1552,27
1553,27
1554,27
1555,27
1556,27
1557,27
1558,27
1559,27
1560,27
1561,27
1562,27
1563,27
1564,27
1565,27
1566,27
1567,27
1568,27
1569,27
1570,27
1571,27
1572,27
1573,27
1574,27
1575,28
1576,28
1577,28
1578,28
1579,28
1580,28
1581,28
1582,28
1583,28
1584,28
1585,28
1586,28
1587,28
1588,28
1589,28
1590,28
1591,28
1592,28
1593,28
1594,28
1595,28
1596,28
1597,28
1598,28
1599,28
1600,28
1601,28
1602,28
1603,28
1604,28
1605,28
1606,28
1607,28
1608,28
1609,28
1610,28
1611,28
1612,28
1613,28
1614,28
1615,28
1616,28
1617,28
1618,28
1619,28
1620,28
1621,28
1622,28
1623,28
1624,28
1625,28
1626,28
1627,28
1628,28
1629,28
1630,28
1631,28
1632,28
1633,28
1634,28
1635,29
1636,29
1637,29
1638,29
1639,29
1640,29
1641,29
1642,29
1643,29
1644,29
1645,29
1646,29
1647,29
1648,29
1649,29
1650,29
1651,29
1652,29
1653,29
1654,29
1655,29
1656,29
1657,29
1658,29
1659,29
1660,29
1661,29
1662,29
1663,29
1664,29
1665,29
1666,29
1667,29
1668,29
1669,29
1670,29
1671,29
1672,29
1673,29
1674,29
1675,29
1676,29
1677,29
1678,29
1679,29
1680,29
1681,29
1682,29
1683,29
1684,29
1685,29
1686,29
1687,29
1688,29
1689,29
1690,29
1691,29
1692,29
1693,29
1694,29
1695,30
1696,30
1697,30
1698,30
1699,30
1700,30
1701,30
1702,30
1703,30
1704,30
1705,30
1706,30
1707,30
1708,30
1709,30
1710,30
1711,30
1712,30
1713,30
1714,30
1715,30
1716,30
1717,30
1718,30
1719,30
1720,30
1721,30
1722,30
1723,30
1724,30
1725,30
1726,30
1727,30
1728,30
1729,30
1730,30
1731,30
1732,30
1733,30
1734,30
1735,30
1736,30
1737,30
1738,30
1739,30
1740,30
1741,30
1742,30
1743,30
1744,30
1745,30
1746,30
1747,30
1748,30
1749,30
1750,30
1751,30
1752,30
1753,31
1754,31
1755,31
1756,31
1757,31
1758,31
1759,31
1760,31
1761,31
1762,31
1763,31
1764,31
1765,31
1766,31
1767,31
1768,31
1769,31
1770,31
1771,31
1772,31
1773,31
1774,31
1775,31
1776,31
1777,31
1778,31
1779,31
1780,31
1781,31
1782,31
1783,31
1784,31
1785,31
1786,31
1787,31
1788,31
1789,31
1790,31
1791,31
1792,31
1793,31
1794,31
1795,31
1796,31
1797,31
1798,31
1799,31
1800,31
1801,31
1802,31
1803,31
1804,31
1805,31
1806,31
1807,31
1808,31
1809,31
1810,31
1811,31
1812,31
1813,32
1814,32
1815,32
1816,32
1817,32
1818,32
1819,32
1820,32
1821,32
1822,32
1823,32
1824,32
1825,32
1826,32
1827,32
1828,32
1829,32
1830,32
1831,32
1832,32
1833,32
1834,32
1835,32
1836,32
1837,32
1838,32
1839,32
1840,32
1841,32
1842,32
1843,32
1844,32
1845,32
1846,32
1847,32
1848,32
1849,32
1850,32
1851,32
1852,32
1853,32
1854,32
1855,32
1856,32
1857,32
1858,32
1859,32
1860,32
1861,32
1862,32
1863,32
1864,32
1865,32
1866,32
1867,32
1868,32
1869,32
1870,32
1871,32
1872,32
1873,33
1874,33
1875,33
1876,33
1877,33
1878,33
1879,33
1880,33
1881,33
1882,33
1883,33
1884,33
1885,33
1886,33
1887,33
1888,33
1889,33
1890,33
1891,33
1892,33
1893,33
1894,33
1895,33
1896,33
1897,33
1898,33
1899,33
1900,33
1901,33
1902,33
1903,33
1904,33
1905,33
1906,33
1907,33
1908,33
1909,33
1910,33
1911,33
1912,33
1913,33
1914,33
1915,33
1916,33
1917,33
1918,33
1919,33
1920,33
1921,33
1922,33
1923,33
1924,33
1925,33
1926,33
1927,33
1928,33
1929,33
1930,33
1931,33
1932,33
1933,34
1934,34
1935,34
1936,34
1937,34
1938,34
1939,34
1940,34
1941,34
1942,34
1943,34
1944,34
1945,34
1946,34
1947,34
1948,34
1949,34
1950,34
1951,34
1952,34
1953,34
1954,34
1955,34
1956,34
1957,34
1958,34
1959,34
1960,34
1961,34
1962,34
1963,34
1964,34
1965,34
1966,34
1967,34
1968,34
1969,34
1970,34
1971,34
1972,34
1973,34
1974,34
1975,34
1976,34
1977,34
1978,34
1979,34
1980,34
1981,34
1982,34
1983,34
1984,34
1985,34
1986,34
1987,34
1988,34
1989,34
1990,34
1991,34
1992,34
1993,35
1994,35
1995,35
1996,35
1997,35
1998,35
1999,35
2000,35
2001,35
2002,35
2003,35
2004,35
2005,35
2006,35
2007,35
2008,35
2009,35
2010,35
2011,35
2012,35
2013,35
2014,35
2015,35
2016,35
2017,35
2018,35
2019,35
2020,35
2021,35
2022,35
2023,35
2024,35
2025,35
2026,35
2027,35
2028,35
2029,35
2030,35
2031,35
2032,35
2033,35
2034,35
2035,35
2036,35
2037,35
2038,35
2039,35
2040,35
2041,35
2042,35
2043,35
2044,35
2045,35
2046,35
2047,35
2048,35
2049,35
2050,35
2051,35
2052,35
2053,36
2054,36
2055,36
2056,36
2057,36
2058,36
2059,36
2060,36
2061,36
2062,36
2063,36
2064,36
2065,36
2066,36
2067,36
2068,36
2069,36
2070,36
2071,36
2072,36
2073,36
2074,36
2075,36
2076,36
2077,36
2078,36
2079,36
2080,36
2081,36
2082,36
2083,36
2084,36
2085,36
2086,36
2087,36
2088,36
2089,36
2090,36
2091,36
2092,36
2093,36
2094,36
2095,36
2096,36
2097,36
2098,36
2099,36
2100,36
2101,36
2102,36
2103,36
2104,36
2105,36
2106,36
2107,36
2108,36
2109,36
2110,36
2111,36
2112,36
2113,37
2114,37
2115,37
2116,37
2117,37
2118,37
2119,37
2120,37
2121,37
2122,37
2123,37
2124,37
2125,37
2126,37
2127,37
2128,37
2129,37
2130,37
2131,37
2132,37
2133,37
2134,37
2135,37
2136,37
2137,37
2138,37
2139,37
2140,37
2141,37
2142,37
2143,37
2144,37
2145,37
2146,37
2147,37
2148,37
2149,37
2150,37
2151,37
2152,37
2153,37
2154,37
2155,37
2156,37
2157,37
2158,37
2159,37
2160,37
2161,37
2162,37
2163,37
2164,37
2165,37
2166,37
2167,37
2168,37
2169,37
2170,37
2171,37
2172,37
2173,38
2174,38
2175,38
2176,38
2177,38
2178,38
2179,38
2180,38
2181,38
2182,38
2183,38
2184,38
2185,38
2186,38
2187,38
2188,38
2189,38
2190,38
2191,38
2192,38
2193,38
2194,38
2195,38
2196,38
2197,38
2198,38
2199,38
2200,38
2201,38
2202,38
2203,38
2204,38
2205,38
2206,38
2207,38
2208,38
2209,38
2210,38
2211,38
2212,38
2213,38
2214,38
2215,38
2216,38
2217,38
2218,38
2219,38
2220,38
2221,38
2222,38
2223,38
2224,38
2225,38
2226,38
2227,38
2228,38
2229,38
2230,38
2231,38
2232,39
2233,39
2234,39
2235,39
2236,39
2237,39
2238,39
2239,39
2240,39
2241,39
2242,39
2243,39
2244,39
2245,39
2246,39
2247,39
2248,39
2249,39
2250,39
2251,39
2252,39
2253,39
2254,39
2255,39
2256,39
2257,39
2258,39
2259,39
2260,39
2261,39
2262,39
2263,39
2264,39
2265,39
2266,39
2267,39
2268,39
2269,39
2270,39
2271,39
2272,39
2273,39
2274,39
2275,39
2276,39
2277,39
2278,39
2279,39
2280,39
2281,39
2282,39
2283,39
2284,39
2285,39
2286,39
2287,39
2288,39
2289,39
2290,39
2291,39
2292,40
2293,40
2294,40
2295,40
2296,40
2297,40
2298,40
2299,40
2300,40
2301,40
2302,40
2303,40
2304,40
2305,40
2306,40
2307,40
2308,40
2309,40
2310,40
2311,40
2312,40
2313,40
2314,40
2315,40
2316,40
2317,40
2318,40
2319,40
2320,40
2321,40
2322,40
2323,40
2324,40
2325,40
2326,40
2327,40
2328,40
2329,40
2330,40
2331,40
2332,40
2333,40
2334,40
2335,40
2336,40
2337,40
2338,40
2339,40
2340,40
2341,40
2342,40
2343,40
2344,40
2345,40
2346,40
2347,40
2348,40
2349,40
2350,40
2351,40
2352,41
2353,41
2354,41
2355,41
2356,41
2357,41
2358,41
2359,41
2360,41
2361,41
2362,41
2363,41
2364,41
2365,41
2366,41
2367,41
2368,41
2369,41
2370,41
2371,41
2372,41
2373,41
2374,41
2375,41
2376,41
2377,41
2378,41
2379,41
2380,41
2381,41
2382,41
2383,41
2384,41
2385,41
2386,41
2387,41
2388,41
2389,41
2390,41
2391,41
2392,41
2393,41
2394,41
2395,41
2396,41
2397,41
2398,41
2399,41
2400,41
2401,41
2402,41
2403,41
2404,41
2405,42
2406,42
2407,42
2408,42
2409,42
2410,42
2411,42
2412,42
2413,42
2414,42
2415,42
2416,42
2417,42
2418,42
2419,42
2420,42
2421,42
2422,42
2423,42
2424,42
2425,42
2426,42
2427,42
2428,42
2429,42
2430,42
2431,42
2432,42
2433,42
2434,42
2435,42
2436,42
2437,42
2438,42
2439,42
2440,42
2441,42
2442,42
2443,42
2444,42
2445,42
2446,42
2447,42
2448,42
2449,42
2450,42
2451,42
2452,42
2453,42
2454,42
2455,42
2456,42
2457,42
2458,42
2459,42
2460,42
2461,42
2462,42
2463,42
2464,42
2465,43
2466,43
2467,43
2468,43
2469,43
2470,43
2471,43
2472,43
2473,43
2474,43
2475,43
2476,43
2477,43
2478,43
2479,43
2480,43
2481,43
2482,43
2483,43
2484,43
2485,43
2486,43
2487,43
2488,43
2489,43
2490,43
2491,43
2492,43
2493,43
2494,43
2495,43
2496,43
2497,43
2498,43
2499,43
2500,43
2501,43
2502,43
2503,43
2504,43
2505,43
2506,43
2507,43
2508,43
2509,43
2510,43
2511,43
2512,43
2513,43
2514,43
2515,43
2516,43
2517,43
2518,43
2519,43
2520,43
2521,43
2522,43
2523,43
2524,43
2525,44
2526,44
2527,44
2528,44
2529,44
2530,44
2531,44
2532,44
2533,44
2534,44
2535,44
2536,44
2537,44
2538,44
2539,44
2540,44
2541,44
2542,44
2543,44
2544,44
2545,44
2546,44
2547,44
2548,44
2549,44
2550,44
2551,44
2552,44
2553,44
2554,44
2555,44
2556,44
2557,44
2558,44
2559,44
2560,44
2561,44
2562,44
2563,44
2564,44
2565,44
2566,44
2567,44
2568,44
2569,44
2570,44
2571,44
2572,44
2573,44
2574,44
2575,44
2576,44
2577,44
2578,44
2579,44
2580,44
2581,44
2582,44
2583,44
2584,44
2585,45
2586,45
2587,45
2588,45
2589,45
2590,45
2591,45
2592,45
2593,45
2594,45
2595,45
2596,45
2597,45
2598,45
2599,45
2600,45
2601,45
2602,45
2603,45
2604,45
2605,45
2606,45
2607,45
2608,45
2609,45
2610,45
2611,45
2612,45
2613,45
2614,45
2615,45
2616,45
2617,45
2618,45
2619,45
2620,45
2621,45
2622,45
2623,45
2624,45
2625,45
2626,45
2627,45
2628,45
2629,45
2630,45
2631,45
2632,45
2633,45
2634,45
2635,45
2636,45
2637,45
2638,45
2639,45
2640,45
2641,45
2642,45
2643,45
2644,45
2645,46
2646,46
2647,46
2648,46
2649,46
2650,46
2651,46
2652,46
2653,46
2654,46
2655,46
2656,46
2657,46
2658,46
2659,46
2660,46
2661,46
2662,46
2663,46
2664,46
2665,46
2666,46
2667,46
2668,46
2669,46
2670,46
2671,46
2672,46
2673,46
2674,46
2675,46
2676,46
2677,46
2678,46
2679,46
2680,46
2681,46
2682,46
2683,46
2684,46
2685,46
2686,46
2687,46
2688,46
2689,46
2690,46
2691,46
2692,46
2693,46
2694,46
2695,46
2696,46
2697,46
2698,46
2699,46
2700,46
2701,46
2702,46
2703,46
2704,46
2705,47
2706,47
2707,47
2708,47
2709,47
2710,47
2711,47
2712,47
2713,47
2714,47
2715,47
2716,47
2717,47
2718,47
2719,47
2720,47
2721,47
2722,47
2723,47
2724,47
2725,47
2726,47
2727,47
2728,47
2729,47
2730,47
2731,47
2732,47
2733,47
2734,47
2735,47
2736,47
2737,47
2738,47
2739,47
2740,47
2741,47
2742,47
2743,47
2744,47
2745,47
2746,47
2747,47
2748,47
2749,47
2750,47
2751,47
2752,47
2753,47
2754,47
2755,47
2756,47
2757,47
2758,47
2759,47
2760,47
2761,47
2762,47
2763,47
2764,47
2765,48
2766,48
2767,48
2768,48
2769,48
2770,48
2771,48
2772,48
2773,48
2774,48
2775,48
2776,48
2777,48
2778,48
2779,48
2780,48
2781,48
2782,48
2783,48
2784,48
2785,48
2786,48
2787,48
2788,48
2789,48
2790,48
2791,48
2792,48
2793,48
2794,48
2795,48
2796,48
2797,48
2798,48
2799,48
2800,48
2801,48
2802,48
2803,48
2804,48
2805,48
2806,48
2807,48
2808,48
2809,48
2810,48
2811,48
2812,48
2813,48
2814,48
2815,48
2816,48
2817,48
2818,48
2819,48
2820,48
2821,48
2822,48
2823,48
2824,48
2825,49
2826,49
2827,49
2828,49
2829,49
2830,49
2831,49
2832,49
2833,49
2834,49
2835,49
2836,49
2837,49
2838,49
2839,49
2840,49
2841,49
2842,49
2843,49
2844,49
2845,49
2846,49
2847,49
2848,49
2849,49
2850,49
2851,49
2852,49
2853,49
2854,49
2855,49
2856,49
2857,49
2858,49
2859,49
2860,49
2861,49
2862,49
2863,49
2864,49
2865,49
2866,49
2867,49
2868,49
2869,49
2870,49
2871,49
2872,49
2873,49
2874,49
2875,49
2876,49
2877,49
2878,49
2879,49
2880,49
2881,49
2882,49
2883,49
2884,49
2885,50
2886,50
2887,50
2888,50
2889,50
2890,50
2891,50
2892,50
2893,50
2894,50
2895,50
2896,50
2897,50
2898,50
2899,50
2900,50
2901,50
2902,50
2903,50
2904,50
2905,50
2906,50
2907,50
2908,50
2909,50
2910,50
2911,50
2912,50
2913,50
2914,50
2915,50
2916,50
2917,50
2918,50
2919,50
2920,50
2921,50
2922,50
2923,50
2924,50
2925,50
2926,50
2927,50
2928,50
2929,50
2930,50
2931,50
2932,50
2933,50
2934,50
2935,50
2936,50
2937,50
2938,50
2939,50
2940,50
2941,50
2942,50
2943,50
2944,50
2945,51
2946,51
2947,51
2948,51
2949,51
2950,51
2951,51
2952,51
2953,51
2954,51
2955,51
2956,51
2957,51
2958,51
2959,51
2960,51
2961,51
2962,51
2963,51
2964,51
2965,51
2966,51
2967,51
2968,51
2969,51
2970,51
2971,51
2972,51
2973,51
2974,51
2975,51
2976,51
2977,51
2978,51
2979,51
2980,51
2981,51
2982,51
2983,51
2984,51
2985,51
2986,51
2987,51
2988,51
2989,51
2990,51
2991,51
2992,51
2993,51
2994,51
2995,51
2996,51
2997,51
2998,51
2999,51
3000,51
3001,51
3002,51
3003,51
3004,51
3005,52
3006,52
3007,52
3008,52
3009,52
3010,52
3011,52
3012,52
3013,52
3014,52
3015,52
3016,52
3017,52
3018,52
3019,52
3020,52
3021,52
3022,52
3023,52
3024,52
3025,52
3026,52
3027,52
3028,52
3029,52
3030,52
3031,52
3032,52
3033,52
3034,52
3035,52
3036,52
3037,52
3038,52
3039,52
3040,52
3041,52
3042,52
3043,52
3044,52
3045,52
3046,52
3047,52
3048,52
3049,52
3050,52
3051,52
3052,52
3053,52
3054,52
3055,52
3056,52
3057,52
3058,52
3059,52
3060,52
3061,52
3062,52
3063,52
3064,52
3065,53
3066,53
3067,53
3068,53
3069,53
3070,53
3071,53
3072,53
3073,53
3074,53
3075,53
3076,53
3077,53
3078,53
3079,53
3080,53
3081,53
3082,53
3083,53
3084,53
3085,53
3086,53
3087,53
3088,53
3089,53
3090,53
3091,53
3092,53
3093,53
3094,53
3095,53
3096,53
3097,53
3098,53
3099,53
3100,53
3101,53
3102,53
3103,53
3104,53
3105,53
3106,53
3107,53
3108,53
3109,53
3110,53
3111,53
3112,53
3113,53
3114,53
3115,53
3116,53
3117,53
3118,53
3119,53
3120,53
3121,53
3122,53
3123,53
3124,53
3125,54
3126,54
3127,54
3128,54
3129,54
3130,54
3131,54
3132,54
3133,54
3134,54
3135,54
3136,54
3137,54
3138,54
3139,54
3140,54
3141,54
3142,54
3143,54
3144,54
3145,54
3146,54
3147,54
3148,54
3149,54
3150,54
3151,54
3152,54
3153,54
3154,54
3155,54
3156,54
3157,54
3158,54
3159,54
3160,54
3161,54
3162,54
3163,54
3164,54
3165,54
3166,54
3167,54
3168,54
3169,54
3170,54
3171,54
3172,54
3173,54
3174,54
3175,54
3176,54
3177,54
3178,54
3179,54
3180,54
3181,54
3182,54
3183,54
3184,54
3185,55
3186,55
3187,55
3188,55
3189,55
3190,55
3191,55
3192,55
3193,55
3194,55
3195,55
3196,55
3197,55
3198,55
3199,55
3200,55
3201,55
3202,55
3203,55
3204,55
3205,55
3206,55
3207,55
3208,55
3209,55
3210,55
3211,55
3212,55
3213,55
3214,55
3215,55
3216,55
3217,55
3218,55
3219,55
3220,55
3221,55
3222,55
3223,55
3224,55
3225,55
3226,55
3227,55
3228,55
3229,55
3230,55
3231,55
3232,55
3233,55
3234,55
3235,55
3236,55
3237,55
3238,55
3239,55
3240,55
3241,55
3242,55
3243,55
3244,55
3245,56
3246,56
3247,56
3248,56
3249,56
3250,56
3251,56
3252,56
3253,56
3254,56
3255,56
3256,56
3257,56
3258,56
3259,56
3260,56
3261,56
3262,56
3263,56
3264,56
3265,56
3266,56
3267,56
3268,56
3269,56
3270,56
3271,56
3272,56
3273,56
3274,56
3275,56
3276,56
3277,56
3278,56
3279,56
3280,56
3281,56
3282,56
3283,56
3284,56
3285,56
3286,56
3287,56
3288,56
3289,56
3290,56
3291,56
3292,56
3293,56
3294,56
3295,56
3296,56
3297,56
3298,56
3299,56
3300,56
3301,56
3302,56
3303,56
3304,56
3305,57
3306,57
3307,57
3308,57
3309,57
3310,57
3311,57
3312,57
3313,57
3314,57
3315,57
3316,57
3317,57
3318,57
3319,57
3320,57
3321,57
3322,57
3323,57
3324,57
3325,57
3326,57
3327,57
3328,57
3329,57
3330,57
3331,57
3332,57
3333,57
3334,57
3335,57
3336,57
3337,57
3338,57
3339,57
3340,57
3341,57
3342,57
3343,57
3344,57
3345,57
3346,57
3347,57
3348,57
3349,57
3350,57
3351,57
3352,57
3353,57
3354,58
3355,58
3356,58
3357,58
3358,58
3359,58
3360,58
3361,58
3362,58
3363,58
3364,58
3365,58
3366,58
3367,58
3368,58
3369,58
3370,58
3371,58
3372,58
3373,58
3374,58
3375,58
3376,58
3377,58
3378,58
3379,58
3380,58
3381,58
3382,58
3383,58
3384,58
3385,58
3386,58
3387,58
3388,58
3389,58
3390,58
3391,58
3392,58
3393,58
3394,58
3395,58
3396,58
3397,58
3398,58
3399,58
3400,58
3401,58
3402,58
3403,58
3404,58
3405,58
3406,58
3407,58
3408,58
3409,58
3410,58
3411,58
3412,58
3413,58
3414,59
3415,59
3416,59
3417,59
3418,59
3419,59
3420,59
3421,59
3422,59
3423,59
3424,59
3425,59
3426,59
3427,59
3428,59
3429,59
3430,59
3431,59
3432,59
3433,59
3434,59
3435,59
3436,59
3437,59
3438,59
3439,59
3440,59
3441,59
3442,59
3443,59
3444,59
3445,59
3446,59
3447,59
3448,59
3449,59
3450,59
3451,59
3452,59
3453,59
3454,59
3455,59
3456,59
3457,59
3458,59
3459,59
3460,59
3461,59
3462,59
3463,59
3464,59
3465,59
3466,59
3467,59
3468,59
3469,59
3470,59
3471,59
3472,59
3473,60
3474,60
3475,60
3476,60
3477,60
3478,60
3479,60
3480,60
3481,60
3482,60
3483,60
3484,60
3485,60
3486,60
3487,60
3488,60
3489,60
3490,60
3491,60
3492,60
3493,60
3494,60
3495,60
3496,60
3497,60
3498,60
3499,60
3500,60
3501,60
3502,60
3503,60
3504,60
3505,60
3506,60
3507,60
3508,60
3509,60
3510,60
3511,60
3512,60
3513,60
3514,60
3515,60
3516,60
3517,60
3518,60
3519,60
3520,60
3521,60
3522,60
3523,60
3524,60
3525,60
3526,60
3527,60
3528,60
3529,60
3530,60
3531,60
3532,60
3533,61
3534,61
3535,61
3536,61
3537,61
3538,61
3539,61
3540,61
3541,61
3542,61
3543,61
3544,61
3545,61
3546,61
3547,61
3548,61
3549,61
3550,61
3551,61
3552,61
3553,61
3554,61
3555,61
3556,61
3557,61
3558,61
3559,61
3560,61
3561,61
3562,61
3563,61
3564,61
3565,61
3566,61
3567,61
3568,61
3569,61
3570,61
3571,61
3572,61
3573,61
3574,61
3575,61
3576,61
3577,61
3578,61
3579,61
3580,61
3581,61
3582,61
3583,61
3584,61
3585,61
3586,61
3587,61
3588,61
3589,61
3590,61
3591,61
3592,61
3593,62
3594,62
3595,62
3596,62
3597,62
3598,62
3599,62
3600,62
3601,62
3602,62
3603,62
3604,62
3605,62
3606,62
3607,62
3608,62
3609,62
3610,62
3611,62
3612,62
3613,62
3614,62
3615,62
3616,62
3617,62
3618,62
3619,62
3620,62
3621,62
3622,62
3623,62
3624,62
3625,62
3626,62
3627,62
3628,62
3629,62
3630,62
3631,62
3632,62
3633,62
3634,62
3635,62
3636,62
3637,62
3638,62
3639,62
3640,62
3641,62
3642,62
3643,62
3644,62
3645,62
3646,62
3647,62
3648,62
3649,62
3650,62
3651,62
3652,62
3653,63
3654,63
3655,63
3656,63
3657,63
3658,63
3659,63
3660,63
3661,63
3662,63
3663,63
3664,63
3665,63
3666,63
3667,63
3668,63
3669,63
3670,63
3671,63
3672,63
3673,63
3674,63
3675,63
3676,63
3677,63
3678,63
3679,63
3680,63
3681,63
3682,63
3683,63
3684,63
3685,63
3686,63
3687,63
3688,63
3689,63
3690,63
3691,63
3692,63
3693,63
3694,63
3695,63
3696,63
3697,63
3698,63
3699,63
3700,63
3701,63
3702,63
3703,63
3704,63
3705,63
3706,63
3707,63
3708,63
3709,63
3710,63
3711,63
3712,63
3713,64
3714,64
3715,64
3716,64
3717,64
3718,64
3719,64
3720,64
3721,64
3722,64
3723,64
3724,64
3725,64
3726,64
3727,64
3728,64
3729,64
3730,64
3731,64
3732,64
3733,64
3734,64
3735,64
3736,64
3737,64
3738,64
3739,64
3740,64
3741,64
3742,64
3743,64
3744,64
3745,64
3746,64
3747,64
3748,64
3749,64
3750,64
3751,64
3752,64
3753,64
3754,64
3755,64
3756,64
3757,64
3758,64
3759,64
3760,64
3761,64
3762,64
3763,64
3764,64
3765,64
3766,64
3767,64
3768,64
3769,64
3770,64
3771,64
3772,64
3773,65
3774,65
3775,65
3776,65
3777,65
3778,65
3779,65
3780,65
3781,65
3782,65
3783,65
3784,65
3785,65
3786,65
3787,65
3788,65
3789,65
3790,65
3791,65
3792,65
3793,65
3794,65
3795,65
3796,65
3797,65
3798,65
3799,65
3800,65
3801,65
3802,65
3803,65
3804,65
3805,65
3806,65
3807,65
3808,65
3809,65
3810,65
3811,65
3812,65
3813,65
3814,65
3815,65
3816,65
3817,65
3818,65
3819,65
3820,65
3821,65
3822,65
3823,65
3824,65
3825,65
3826,65
3827,65
3828,65
3829,65
3830,65
3831,65
3832,65
3833,66
3834,66
3835,66
3836,66
3837,66
3838,66
3839,66
3840,66
3841,66
3842,66
3843,66
3844,66
3845,66
3846,66
3847,66
3848,66
3849,66
3850,66
3851,66
3852,66
3853,66
3854,66
3855,66
3856,66
3857,66
3858,66
3859,66
3860,66
3861,66
3862,66
3863,66
3864,66
3865,66
3866,66
3867,66
3868,66
3869,66
3870,66
3871,66
3872,66
3873,66
3874,66
3875,66
3876,66
3877,66
3878,66
3879,66
3880,66
3881,66
3882,66
3883,66
3884,66
3885,66
3886,66
3887,66
3888,66
3889,66
3890,66
3891,66
3892,67
3893,67
3894,67
3895,67
3896,67
3897,67
3898,67
3899,67
3900,67
3901,67
3902,67
3903,67
3904,67
3905,67
3906,67
3907,67
3908,67
3909,67
3910,67
3911,67
3912,67
3913,67
3914,67
3915,67
3916,67
3917,67
3918,67
3919,67
3920,67
3921,67
3922,67
3923,67
3924,67
3925,67
3926,67
3927,67
3928,67
3929,67
3930,67
3931,67
3932,67
3933,67
3934,67
3935,67
3936,67
3937,67
3938,67
3939,67
3940,67
3941,67
3942,67
3943,67
3944,67
3945,67
3946,67
3947,67
3948,67
3949,67
3950,67
3951,67
3952,68
3953,68
3954,68
3955,68
3956,68
3957,68
3958,68
3959,68
3960,68
3961,68
3962,68
3963,68
3964,68
3965,68
3966,68
3967,68
3968,68
3969,68
3970,68
3971,68
3972,68
3973,68
3974,68
3975,68
3976,68
3977,68
3978,68
3979,68
3980,68
3981,68
3982,68
3983,68
3984,68
3985,68
3986,68
3987,68
3988,68
3989,68
3990,68
3991,68
3992,68
3993,68
3994,68
3995,68
3996,68
3997,68
3998,68
3999,68
4000,68
4001,68
4002,68
4003,68
4004,68
4005,68
4006,68
4007,68
4008,68
4009,68
4010,68
4011,68
4012,69
4013,69
4014,69
4015,69
4016,69
4017,69
4018,69
4019,69
4020,69
4021,69
4022,69
4023,69
4024,69
4025,69
4026,69
4027,69
4028,69
4029,69
4030,69
4031,69
4032,69
4033,69
4034,69
4035,69
4036,69
4037,69
4038,69
4039,69
4040,69
4041,69
4042,69
4043,69
4044,69
4045,69
4046,69
4047,69
4048,69
4049,69
4050,69
4051,69
4052,69
4053,69
4054,69
4055,69
4056,69
4057,69
4058,69
4059,69
4060,69
4061,69
4062,69
4063,69
4064,69
4065,69
4066,69
4067,69
4068,69
4069,69
4070,69
4071,69
4072,70
4073,70
4074,70
4075,70
4076,70
4077,70
4078,70
4079,70
4080,70
4081,70
4082,70
4083,70
4084,70
4085,70
4086,70
4087,70
4088,70
4089,70
4090,70
4091,70
4092,70
4093,70
4094,70
4095,70
4096,70
4097,70
4098,70
4099,70
4100,70
4101,70
4102,70
4103,70
4104,70
4105,70
4106,70
4107,70
4108,70
4109,70
4110,70
4111,70
4112,70
4113,70
4114,70
4115,70
4116,70
4117,70
4118,70
4119,70
4120,70
4121,70
4122,70
4123,70
4124,70
4125,70
4126,70
4127,70
4128,70
4129,70
4130,70
4131,70
4132,71
4133,71
4134,71
4135,71
4136,71
4137,71
4138,71
4139,71
4140,71
4141,71
4142,71
4143,71
4144,71
4145,71
4146,71
4147,71
4148,71
4149,71
4150,71
4151,71
4152,71
4153,71
4154,71
4155,71
4156,71
4157,71
4158,71
4159,71
4160,71
4161,71
4162,71
4163,71
4164,71
4165,71
4166,71
4167,71
4168,71
4169,71
4170,71
4171,71
4172,71
4173,71
4174,71
4175,71
4176,71
4177,71
4178,71
4179,71
4180,71
4181,71
4182,71
4183,71
4184,71
4185,71
4186,71
4187,71
4188,71
4189,71
4190,71
4191,71
4192,72
4193,72
4194,72
4195,72
4196,72
4197,72
4198,72
4199,72
4200,72
4201,72
4202,72
4203,72
4204,72
4205,72
4206,72
4207,72
4208,72
4209,72
4210,72
4211,72
4212,72
4213,72
4214,72
4215,72
4216,72
4217,72
4218,72
4219,72
4220,72
4221,72
4222,72
4223,72
4224,72
4225,72
4226,72
4227,72
4228,72
4229,72
4230,72
4231,72
4232,72
4233,72
4234,72
4235,72
4236,72
4237,72
4238,72
4239,72
4240,72
4241,72
4242,72
4243,72
4244,72
4245,72
4246,72
4247,72
4248,72
4249,72
4250,72
4251,73
4252,73
4253,73
4254,73
4255,73
4256,73
4257,73
4258,73
4259,73
4260,73
4261,73
4262,73
4263,73
4264,73
4265,73
4266,73
4267,73
4268,73
4269,73
4270,73
4271,73
4272,73
4273,73
4274,73
4275,73
4276,73
4277,73
4278,73
4279,73
4280,73
4281,73
4282,73
4283,73
4284,73
4285,73
4286,73
4287,73
4288,73
4289,73
4290,73
4291,73
4292,73
4293,73
4294,73
4295,73
4296,73
4297,73
4298,73
4299,73
4300,73
4301,73
4302,74
4303,74
4304,74
4305,74
4306,74
4307,74
4308,74
4309,74
4310,74
4311,74
4312,74
4313,74
4314,74
4315,74
4316,74
4317,74
4318,74
4319,74
4320,74
4321,74
4322,74
4323,74
4324,74
4325,74
4326,74
4327,74
4328,74
4329,74
4330,74
4331,74
4332,74
4333,74
4334,74
4335,74
4336,74
4337,74
4338,74
4339,74
4340,74
4341,74
4342,74
4343,74
4344,74
4345,74
4346,74
4347,74
4348,74
4349,74
4350,74
4351,74
4352,74
4353,74
4354,74
4355,74
4356,74
4357,74
4358,74
4359,74
4360,74
4361,74
4362,75
4363,75
4364,75
4365,75
4366,75
4367,75
4368,75
4369,75
4370,75
4371,75
4372,75
4373,75
4374,75
4375,75
4376,75
4377,75
4378,75
4379,75
4380,75
4381,75
4382,75
4383,75
4384,75
4385,75
4386,75
4387,75
4388,75
4389,75
4390,75
4391,75
4392,75
4393,75
4394,75
4395,75
4396,75
4397,75
4398,75
4399,75
4400,75
4401,75
4402,75
4403,75
4404,75
4405,75
4406,75
4407,75
4408,75
4409,75
4410,75
4411,75
4412,75
4413,75
4414,75
4415,75
4416,75
4417,75
4418,75
4419,75
4420,75
4421,75
4422,76
4423,76
4424,76
4425,76
4426,76
4427,76
4428,76
4429,76
4430,76
4431,76
4432,76
4433,76
4434,76
4435,76
4436,76
4437,76
4438,76
4439,76
4440,76
4441,76
4442,76
4443,76
4444,76
4445,76
4446,76
4447,76
4448,76
4449,76
4450,76
4451,76
4452,76
4453,76
4454,76
4455,76
4456,76
4457,76
4458,76
4459,76
4460,76
4461,76
4462,76
4463,76
4464,76
4465,76
4466,76
4467,76
4468,76
4469,76
4470,76
4471,76
4472,76
4473,76
4474,76
4475,76
4476,76
4477,76
4478,76
4479,76
4480,76
4481,76
4482,77
4483,77
4484,77
4485,77
4486,77
4487,77
4488,77
4489,77
4490,77
4491,77
4492,77
4493,77
4494,77
4495,77
4496,77
4497,77
4498,77
4499,77
4500,77
4501,77
4502,77
4503,77
4504,77
4505,77
4506,77
4507,77
4508,77
4509,77
4510,77
4511,77
4512,77
4513,77
4514,77
4515,77
4516,77
4517,77
4518,77
4519,77
4520,77
4521,77
4522,77
4523,77
4524,77
4525,77
4526,77
4527,77
4528,77
4529,77
4530,77
4531,77
4532,77
4533,77
4534,77
4535,77
4536,77
4537,77
4538,77
4539,77
4540,77
4541,77
4542,78
4543,78
4544,78
4545,78
4546,78
4547,78
4548,78
4549,78
4550,78
4551,78
4552,78
4553,78
4554,78
4555,78
4556,78
4557,78
4558,78
4559,78
4560,78
4561,78
4562,78
4563,78
4564,78
4565,78
4566,78
4567,78
4568,78
4569,78
4570,78
4571,78
4572,78
4573,78
4574,78
4575,78
4576,78
4577,78
4578,78
4579,78
4580,78
4581,78
4582,78
4583,78
4584,78
4585,78
4586,78
4587,78
4588,78
4589,78
4590,78
4591,78
4592,78
4593,78
4594,78
4595,78
4596,78
4597,78
4598,78
4599,78
4600,78
4601,78
4602,79
4603,79
4604,79
4605,79
4606,79
4607,79
4608,79
4609,79
4610,79
4611,79
4612,79
4613,79
4614,79
4615,79
4616,79
4617,79
4618,79
4619,79
4620,79
4621,79
4622,79
4623,79
4624,79
4625,79
4626,79
4627,79
4628,79
4629,79
4630,79
4631,79
4632,79
4633,79
4634,79
4635,79
4636,79
4637,79
4638,79
4639,79
4640,79
4641,79
4642,79
4643,79
4644,79
4645,79
4646,79
4647,79
4648,79
4649,79
4650,79
4651,79
4652,79
4653,79
4654,79
4655,79
4656,79
4657,79
4658,79
4659,79
4660,79
4661,79
4662,80
4663,80
4664,80
4665,80
4666,80
4667,80
4668,80
4669,80
4670,80
4671,80
4672,80
4673,80
4674,80
4675,80
4676,80
4677,80
4678,80
4679,80
4680,80
4681,80
4682,80
4683,80
4684,80
4685,80
4686,80
4687,80
4688,80
4689,80
4690,80
4691,80
4692,80
4693,80
4694,80
4695,80
4696,80
4697,80
4698,80
4699,80
4700,80
4701,80
4702,80
4703,80
4704,80
4705,80
4706,80
4707,80
4708,80
4709,80
4710,80
4711,80
4712,80
4713,80
4714,80
4715,80
4716,80
4717,80
4718,80
4719,80
4720,80
4721,80
